{
    "loss": 0.7126755714416504,
    "accuracy": 0.5785953402519226
}