{
    "loss": 1.5136466026306152,
    "accuracy": 0.8833333253860474
}